Name,PersonalEmail,StartingBalance
Ishan Patel,patelishan1912@gmail.com,1000000
Vidhaan Chauhan,vidhaanchauhan08@gmail.com,1000000
Yug Thacker,yugthacker77@gmail.com,1000000
Chitrang Vasava,vasavachitrang@gmail.com,1000000
Het Gohil,hetrgohil@gmail.com,1000000
Rishika Karia,rishika.karia28@gmai.com,1000000
Rohan koradiya,Rohankoradiya2020@gmail.com,1000000
Heny bhuva,heny57.05@gmail.com,1000000
Vraj Shah,vrajhshah.2006@gmail.com,1000000
kaustubh suthar,kaustubhsuthar321@gmail.com,1000000
darshil madan,darshilpunjabi1@gmail.com,1000000
Rudra Khunt,rkhunt222@gmail.com,1000000
Bhargav Dalwadi,bhargav000x@gmail.com,1000000
Ayush Bhagat,ayush23bhagat@gmail.com,1000000
Parshadi Mehta,mehtaparshadi@gmail.com,1000000
Niv Shethia,nivshethia111@gmail.com,1000000
Aayesha Kawrani,aayeshakawrani1406@gmail.com,1000000
Veda Patel,vedapatel163@gmail.com,1000000
Mayank Katariya,mdkatariya2008@gmail.com,1000000
Saanchi Agrawal,shahsaanchi101@gmail.com,1000000
Sandali Sharma,sharmasandali58@gmail.com,1000000
Neel Bhanu,neelkbhanu@gmail.com,1000000
Eva Khant,evakhant@gmail.com,1000000
Meshva chauhan,meshvachauhan82@gmail.com,1000000
Aina patel,paina.1208@gmail.com,1000000
Krisha Patel,Krishapatel260509@gmail.com,1000000
Tirth Sabapara,tirthsabapara95@gmail.com,1000000
Shubh Agarwal,agarwalshubh46@gmail.com,1000000
Het Solanki,hetsolanki977@gmail.com,1000000
Shreya Nair,nairshreya987@gmail.com,1000000
Mishthi Shah,mishthi.1303@gmail.com,1000000
Parva Joshi,joshipriyansh695@gmail.com,1000000
Kirtan Makwana,kirtan.makwana2008@gmail.com,1000000
Shubh Modi,shubhmodi182@gmail.com,1000000
Neel Valera,neelvalera2008@gmail.com,1000000
Jaimini Ghetia,jaiminighetiya2008@gmail.com,1000000
Leeza Rathod,leezarathod6@gmail.com,1000000
Clinz Ciril,clinzciril@gmail.com,1000000
Prachi Kapadia,prachikapadia04@gmail.com,1000000
Anika Srivastava,anikasrivastava2538@gmail.com,1000000
sneha nandwana,nandwanasneha22@gmail.com,1000000
Vihaa Agarwalla,agarwallavihaa@gmail.com,1000000
